{
    "$schema": "https://schema.management.azure.com/schemas/2015-01-01/deploymentParameters.json#",
    "contentVersion": "1.0.0.0",
    "parameters": {
        "subscriptionId": {
            "value": "98c52503-d054-4ae0-90a9-92746ad3a6d6"
        },
        "resourceGroupName": {
            "value": "TimerApp3"
        },
        "name": {
            "value": "rookwolk"
        },
        "location": {
            "value": "Canada Central"
        },
        "hostingPlanName": {
            "value": "navarajh_asp_8518"
        },
        "serverFarmResourceGroup": {
            "value": "navarajh_rg_4120"
        },
        "alwaysOn": {
            "value": false
        },
        "ftpsState": {
            "value": "FtpsOnly"
        },
        "linuxFxVersion": {
            "value": "PHP|8.3"
        }
    }
}